300,0.000001559550014
300.5,0.0000009500000147
301,0.0000009500000147
301.5,0.0000009500000147
302,0.0000009500000147
302.5,0.0000009500000147
303,0.0000009500000147
303.5,0.0000009500000147
304,0.0000009500000147
304.5,0.0000009500000147
305,0.0000009500000147
305.5,0.0000009500000147
306,0.0000009500000147
306.5,0.0000009500000147
307,0.0000009500000147
307.5,0.0000009500000147
308,0.0000009500000147
308.5,0.0000009500000147
309,0.0000009500000147
309.5,0.0000009500000147
310,0.0000009500000147
310.5,0.0000009500000147
311,0.0000009500000147
311.5,0.0000009500000147
312,0.0000009500000147
312.5,0.0000009500000147
313,0.0000009500000147
313.5,0.0000009500000147
314,0.0000009500000147
314.5,0.0000009500000147
315,0.0000009500000147
315.5,0.0000009500000147
316,0.0000009500000147
316.5,0.0000009500000147
317,0.0000009500000147
317.5,0.0000009500000147
318,0.0000009500000147
318.5,0.0000009500000147
319,0.000001048259946
319.5,0.0000009500000147
320,0.0000009500000147
320.5,0.0000009500000147
321,0.0000009500000147
321.5,0.0000009500000147
322,0.0000009500000147
322.5,0.0000009500000147
323,0.0000009500000147
323.5,0.000001008189997
324,0.0000009500000147
324.5,0.0000009500000147
325,0.0000009500000147
325.5,0.0000009500000147
326,0.0000009500000147
326.5,0.0000009500000147
327,0.0000009500000147
327.5,0.0000009500000147
328,0.0000009500000147
328.5,0.0000009500000147
329,0.0000009500000147
329.5,0.0000009500000147
330,0.0000009500000147
330.5,0.0000009500000147
331,0.0000009500000147
331.5,0.0000009500000147
332,0.0000009500000147
332.5,0.0000009500000147
333,0.0000009500000147
333.5,0.0000009500000147
334,0.0000009500000147
334.5,0.0000009500000147
335,0.0000009500000147
335.5,0.0000009500000147
336,0.0000009500000147
336.5,0.0000009500000147
337,0.0000009500000147
337.5,0.0000009500000147
338,0.0000009500000147
338.5,0.0000009500000147
339,0.0000009500000147
339.5,0.000001054090035
340,0.0000009500000147
340.5,0.0000009500000147
341,0.0000009500000147
341.5,0.0000009500000147
342,0.0000009500000147
342.5,0.0000009500000147
343,0.0000009500000147
343.5,0.0000009500000147
344,0.0000009500000147
344.5,0.0000009500000147
345,0.0000009500000147
345.5,0.000001142729957
346,0.0000009500000147
346.5,0.0000009500000147
347,0.0000009500000147
347.5,0.0000009500000147
348,0.0000009500000147
348.5,0.0000009500000147
349,0.0000009500000147
349.5,0.0000009500000147
350,0.0000009500000147
350.5,0.0000009500000147
351,0.0000009500000147
351.5,0.0000009500000147
352,0.0000009500000147
352.5,0.0000009500000147
353,0.0000009500000147
353.5,0.0000009500000147
354,0.0000009500000147
354.5,0.0000009500000147
355,0.0000009500000147
355.5,0.0000009500000147
356,0.0000009500000147
356.5,0.0000009500000147
357,0.0000009500000147
357.5,0.0000009500000147
358,0.0000009500000147
358.5,0.0000009500000147
359,0.0000009500000147
359.5,0.0000009500000147
360,0.0000009500000147
360.5,0.0000009500000147
361,0.0000009500000147
361.5,0.0000009500000147
362,0.0000009500000147
362.5,0.0000009500000147
363,0.0000009500000147
363.5,0.0000009500000147
364,0.0000009500000147
364.5,0.0000009500000147
365,0.0000009500000147
365.5,0.0000009500000147
366,0.0000009500000147
366.5,0.0000009500000147
367,0.0000009500000147
367.5,0.0000009500000147
368,0.0000009500000147
368.5,0.0000009500000147
369,0.0000009500000147
369.5,0.0000009500000147
370,0.0000009500000147
370.5,0.0000009500000147
371,0.0000009500000147
371.5,0.0000009500000147
372,0.0000009500000147
372.5,0.0000009500000147
373,0.0000009500000147
373.5,0.0000009500000147
374,0.0000009500000147
374.5,0.0000009500000147
375,0.0000009500000147
375.5,0.0000009500000147
376,0.0000009500000147
376.5,0.0000009500000147
377,0.0000009500000147
377.5,0.0000009500000147
378,0.0000009500000147
378.5,0.0000009500000147
379,0.0000009500000147
379.5,0.0000009500000147
380,0.0000009500000147
380.5,0.0000009500000147
381,0.0000009500000147
381.5,0.0000009500000147
382,0.0000009500000147
382.5,0.0000009500000147
383,0.0000009500000147
383.5,0.0000009500000147
384,0.0000009500000147
384.5,0.0000009500000147
385,0.0000009500000147
385.5,0.0000009500000147
386,0.0000009500000147
386.5,0.0000009500000147
387,0.0000009500000147
387.5,0.0000009500000147
388,0.0000009500000147
388.5,0.0000009500000147
389,0.0000009500000147
389.5,0.0000009500000147
390,0.0000009500000147
390.5,0.0000009500000147
391,0.0000009500000147
391.5,0.0000009500000147
392,0.0000009500000147
392.5,0.0000009500000147
393,0.0000009500000147
393.5,0.0000009500000147
394,0.0000009500000147
394.5,0.0000009500000147
395,0.0000009500000147
395.5,0.0000009500000147
396,0.0000009500000147
396.5,0.0000009500000147
397,0.0000009500000147
397.5,0.0000009500000147
398,0.0000009500000147
398.5,0.0000009500000147
399,0.0000009500000147
399.5,0.0000009500000147
400,0.0000009500000147
400.5,0.0000009500000147
401,0.0000009500000147
401.5,0.0000009500000147
402,0.0000009500000147
402.5,0.0000009500000147
403,0.0000009500000147
403.5,0.0000009500000147
404,0.0000009500000147
404.5,0.0000009500000147
405,0.0000009500000147
405.5,0.0000009500000147
406,0.0000009500000147
406.5,0.0000009500000147
407,0.0000009500000147
407.5,0.0000009500000147
408,0.0000009500000147
408.5,0.0000009500000147
409,0.0000009500000147
409.5,0.0000009500000147
410,0.0000009500000147
410.5,0.0000009500000147
411,0.0000009500000147
411.5,0.0000009500000147
412,0.0000009500000147
412.5,0.0000009500000147
413,0.0000009500000147
413.5,0.0000009500000147
414,0.0000009500000147
414.5,0.0000009500000147
415,0.0000009500000147
415.5,0.0000009500000147
416,0.0000009500000147
416.5,0.0000009500000147
417,0.0000009500000147
417.5,0.0000009500000147
418,0.0000009500000147
418.5,0.0000009500000147
419,0.0000009500000147
419.5,0.0000009500000147
420,0.0000009500000147
420.5,0.0000009500000147
421,0.0000009500000147
421.5,0.0000009500000147
422,0.0000009500000147
422.5,0.0000009500000147
423,0.0000009500000147
423.5,0.0000009500000147
424,0.0000009500000147
424.5,0.0000009500000147
425,0.0000009500000147
425.5,0.0000009500000147
426,0.0000009500000147
426.5,0.0000009500000147
427,0.0000009500000147
427.5,0.0000009500000147
428,0.0000009500000147
428.5,0.0000009500000147
429,0.0000009500000147
429.5,0.0000009500000147
430,0.0000009500000147
430.5,0.0000009500000147
431,0.0000009500000147
431.5,0.0000009500000147
432,0.0000009500000147
432.5,0.0000009500000147
433,0.0000009500000147
433.5,0.0000009500000147
434,0.0000009500000147
434.5,0.0000009500000147
435,0.0000009500000147
435.5,0.0000009500000147
436,0.0000009500000147
436.5,0.0000009500000147
437,0.0000009500000147
437.5,0.0000009500000147
438,0.0000009500000147
438.5,0.0000009500000147
439,0.0000009500000147
439.5,0.0000009500000147
440,0.0000009500000147
440.5,0.0000009500000147
441,0.0000009500000147
441.5,0.0000009500000147
442,0.0000009500000147
442.5,0.0000009500000147
443,0.0000009500000147
443.5,0.0000009500000147
444,0.0000009500000147
444.5,0.0000009500000147
445,0.0000009500000147
445.5,0.0000009500000147
446,0.0000009500000147
446.5,0.0000009500000147
447,0.0000009500000147
447.5,0.0000009500000147
448,0.0000009500000147
448.5,0.0000009500000147
449,0.0000009500000147
449.5,0.0000009500000147
450,0.0000009500000147
450.5,0.0000009500000147
451,0.0000009500000147
451.5,0.0000009500000147
452,0.0000009500000147
452.5,0.0000009500000147
453,0.0000009500000147
453.5,0.0000009500000147
454,0.0000009500000147
454.5,0.0000009500000147
455,0.0000009500000147
455.5,0.0000009500000147
456,0.0000009500000147
456.5,0.0000009500000147
457,0.0000009500000147
457.5,0.0000009500000147
458,0.0000009500000147
458.5,0.0000009500000147
459,0.0000009500000147
459.5,0.0000009500000147
460,0.0000009500000147
460.5,0.0000009500000147
461,0.0000009500000147
461.5,0.0000009500000147
462,0.0000009500000147
462.5,0.0000009500000147
463,0.0000009500000147
463.5,0.0000009500000147
464,0.0000009500000147
464.5,0.0000009500000147
465,0.0000009500000147
465.5,0.0000009500000147
466,0.0000009500000147
466.5,0.0000009500000147
467,0.0000009500000147
467.5,0.0000009500000147
468,0.0000009500000147
468.5,0.0000009500000147
469,0.0000009500000147
469.5,0.0000009500000147
470,0.0000009500000147
470.5,0.0000009500000147
471,0.0000009500000147
471.5,0.0000009500000147
472,0.0000009500000147
472.5,0.0000009500000147
473,0.0000009500000147
473.5,0.0000009500000147
474,0.0000009500000147
474.5,0.0000009500000147
475,0.0000009500000147
475.5,0.000001048589979
476,0.00000831403031
476.5,0.00003371569983
477,0.0001322869939
477.5,0.0009505139897
478,0.02360869944
478.5,0.1864289939
479,0.5246049762
479.5,0.8363770247
480,0.9476469755
480.5,0.9620329738
481,0.9674249887
481.5,0.9694790244
482,0.9684979916
482.5,0.9655320048
483,0.9668089747
483.5,0.9685990214
484,0.9671679735
484.5,0.9642390013
485,0.958525002
485.5,0.9502800107
486,0.9430609941
486.5,0.9435949922
487,0.9463570118
487.5,0.9457659721
488,0.9410820007
488.5,0.9262260199
489,0.9092370272
489.5,0.9021009803
490,0.9173730016
490.5,0.9379079938
491,0.9479359984
491.5,0.9322109818
492,0.885086
492.5,0.8318799734
493,0.7988870144
493.5,0.7545589805
494,0.6080309749
494.5,0.3757779896
495,0.2185949981
495.5,0.1624169946
496,0.03766040131
496.5,0.02204399928
497,0.0003315999929
497.5,0.0000455847985
498,0.00001282939957
498.5,0.000003717229902
499,0.0000009500000147
499.5,0.0000009500000147
500,0.0000009500000147
500.5,0.0000009500000147
501,0.0000009500000147
501.5,0.0000009500000147
502,0.0000009500000147
502.5,0.0000009500000147
503,0.0000009500000147
503.5,0.0000009500000147
504,0.0000009500000147
504.5,0.0000009500000147
505,0.0000009500000147
505.5,0.0000009500000147
506,0.0000009500000147
506.5,0.0000009500000147
507,0.0000009500000147
507.5,0.0000009500000147
508,0.0000009500000147
508.5,0.0000009500000147
509,0.0000009500000147
509.5,0.0000009500000147
510,0.0000009500000147
510.5,0.0000009500000147
511,0.0000009500000147
511.5,0.0000009500000147
512,0.0000009500000147
512.5,0.0000009500000147
513,0.0000009500000147
513.5,0.0000009500000147
514,0.0000009500000147
514.5,0.0000009500000147
515,0.0000009500000147
515.5,0.0000009500000147
516,0.0000009500000147
516.5,0.0000009500000147
517,0.0000009500000147
517.5,0.0000009500000147
518,0.0000009500000147
518.5,0.0000009500000147
519,0.0000009500000147
519.5,0.0000009500000147
520,0.0000009500000147
520.5,0.0000009500000147
521,0.0000009500000147
521.5,0.0000009500000147
522,0.0000009500000147
522.5,0.0000009500000147
523,0.0000009500000147
523.5,0.0000009500000147
524,0.0000009500000147
524.5,0.0000009500000147
525,0.0000009500000147
525.5,0.0000009500000147
526,0.0000009500000147
526.5,0.0000009500000147
527,0.0000009500000147
527.5,0.0000009500000147
528,0.0000009500000147
528.5,0.0000009500000147
529,0.0000009500000147
529.5,0.0000009500000147
530,0.0000009500000147
530.5,0.0000009500000147
531,0.0000009500000147
531.5,0.0000009500000147
532,0.0000009500000147
532.5,0.0000009500000147
533,0.0000009500000147
533.5,0.0000009500000147
534,0.0000009500000147
534.5,0.0000009500000147
535,0.0000009500000147
535.5,0.0000009500000147
536,0.0000009500000147
536.5,0.0000009500000147
537,0.0000009500000147
537.5,0.0000009500000147
538,0.0000009500000147
538.5,0.0000009500000147
539,0.0000009500000147
539.5,0.0000009500000147
540,0.0000009500000147
540.5,0.0000009500000147
541,0.0000009500000147
541.5,0.0000009500000147
542,0.0000009500000147
542.5,0.0000009500000147
543,0.0000009500000147
543.5,0.0000009500000147
544,0.0000009500000147
544.5,0.0000009500000147
545,0.0000009500000147
545.5,0.0000009500000147
546,0.0000009500000147
546.5,0.0000009500000147
547,0.0000009500000147
547.5,0.0000009500000147
548,0.000001461439979
548.5,0.000005944129953
549,0.00002504159966
549.5,0.0001254929957
550,0.0008580239955
550.5,0.007864889689
551,0.05112219974
551.5,0.1709800065
552,0.350297004
552.5,0.5404829979
553,0.7024539709
553.5,0.8351359963
554,0.9250829816
554.5,0.9651280046
555,0.9723070264
555.5,0.9636170268
556,0.9549220204
556.5,0.9587579966
557,0.9667680264
557.5,0.9720180035
558,0.9720929861
558.5,0.9717040062
559,0.9745619893
559.5,0.9786270261
560,0.9809100032
560.5,0.9817990065
561,0.9836789966
561.5,0.9815589786
562,0.978877008
562.5,0.9796490073
563,0.9787240028
563.5,0.9708020091
564,0.9511680007
564.5,0.9391059875
565,0.9326279759
565.5,0.8956289887
566,0.7750049829
566.5,0.5794320107
567,0.3642640114
567.5,0.1812900007
568,0.03670860082
568.5,0.00642570015
569,0.000464546989
569.5,0.00007051529974
570,0.00001493699983
570.5,0.000003659559979
571,0.0000009500000147
571.5,0.0000009500000147
572,0.0000009500000147
572.5,0.0000009500000147
573,0.0000009500000147
573.5,0.0000009500000147
574,0.0000009500000147
574.5,0.0000009500000147
575,0.0000009500000147
575.5,0.0000009500000147
576,0.0000009500000147
576.5,0.0000009500000147
577,0.0000009500000147
577.5,0.0000009500000147
578,0.0000009500000147
578.5,0.0000009500000147
579,0.0000009500000147
579.5,0.0000009500000147
580,0.0000009500000147
580.5,0.0000009500000147
581,0.0000009500000147
581.5,0.0000009500000147
582,0.0000009500000147
582.5,0.0000009500000147
583,0.0000009500000147
583.5,0.0000009500000147
584,0.0000009500000147
584.5,0.0000009500000147
585,0.0000009500000147
585.5,0.0000009500000147
586,0.0000009500000147
586.5,0.0000009500000147
587,0.0000009500000147
587.5,0.0000009500000147
588,0.0000009500000147
588.5,0.0000009500000147
589,0.0000009500000147
589.5,0.0000009500000147
590,0.0000009500000147
590.5,0.0000009500000147
591,0.0000009500000147
591.5,0.0000009500000147
592,0.0000009500000147
592.5,0.0000009500000147
593,0.0000009500000147
593.5,0.0000009500000147
594,0.0000009500000147
594.5,0.0000009500000147
595,0.0000009500000147
595.5,0.0000009500000147
596,0.0000009500000147
596.5,0.0000009500000147
597,0.0000009500000147
597.5,0.0000009500000147
598,0.0000009500000147
598.5,0.0000009500000147
599,0.0000009500000147
599.5,0.0000009500000147
600,0.0000009500000147
600.5,0.0000009500000147
601,0.0000009500000147
601.5,0.0000009500000147
602,0.0000009500000147
602.5,0.0000009500000147
603,0.0000009500000147
603.5,0.0000009500000147
604,0.0000009500000147
604.5,0.0000009500000147
605,0.0000009500000147
605.5,0.0000009500000147
606,0.0000009500000147
606.5,0.0000009500000147
607,0.0000009500000147
607.5,0.0000009500000147
608,0.0000009500000147
608.5,0.0000009500000147
609,0.0000009500000147
609.5,0.0000009500000147
610,0.0000009500000147
610.5,0.0000009500000147
611,0.0000009500000147
611.5,0.0000009500000147
612,0.0000009500000147
612.5,0.0000009500000147
613,0.0000009500000147
613.5,0.0000009500000147
614,0.0000009500000147
614.5,0.0000009500000147
615,0.0000009500000147
615.5,0.0000009500000147
616,0.0000009500000147
616.5,0.0000009500000147
617,0.0000009500000147
617.5,0.0000009500000147
618,0.0000009500000147
618.5,0.0000009500000147
619,0.0000009500000147
619.5,0.0000009500000147
620,0.0000009500000147
620.5,0.0000009500000147
621,0.0000009500000147
621.5,0.0000009500000147
622,0.0000009500000147
622.5,0.0000009500000147
623,0.0000009500000147
623.5,0.0000009500000147
624,0.0000009500000147
624.5,0.0000009500000147
625,0.0000009500000147
625.5,0.0000009500000147
626,0.0000009500000147
626.5,0.0000009500000147
627,0.0000009500000147
627.5,0.0000009500000147
628,0.0000009500000147
628.5,0.0000009500000147
629,0.0000009500000147
629.5,0.0000009500000147
630,0.0000009500000147
630.5,0.0000009500000147
631,0.0000009500000147
631.5,0.0000009500000147
632,0.0000009500000147
632.5,0.0000009500000147
633,0.0000009500000147
633.5,0.0000009500000147
634,0.0000009500000147
634.5,0.0000009500000147
635,0.0000009500000147
635.5,0.0000009500000147
636,0.0000009500000147
636.5,0.0000009500000147
637,0.0000009500000147
637.5,0.0000009500000147
638,0.0000009500000147
638.5,0.0000009500000147
639,0.0000009500000147
639.5,0.0000009500000147
640,0.0000009500000147
640.5,0.0000009500000147
641,0.0000009500000147
641.5,0.0000009500000147
642,0.0000009500000147
642.5,0.0000009500000147
643,0.0000009500000147
643.5,0.0000009500000147
644,0.0000009500000147
644.5,0.0000009500000147
645,0.0000009500000147
645.5,0.0000009500000147
646,0.0000009500000147
646.5,0.0000009500000147
647,0.0000009500000147
647.5,0.0000009500000147
648,0.0000009500000147
648.5,0.0000009500000147
649,0.0000009500000147
649.5,0.0000009500000147
650,0.0000009500000147
650.5,0.0000009500000147
651,0.0000009500000147
651.5,0.0000009500000147
652,0.0000009500000147
652.5,0.0000009500000147
653,0.0000009500000147
653.5,0.0000009500000147
654,0.0000009500000147
654.5,0.0000009500000147
655,0.0000009500000147
655.5,0.0000009500000147
656,0.0000009500000147
656.5,0.0000009500000147
657,0.0000009500000147
657.5,0.0000009500000147
658,0.0000009500000147
658.5,0.0000009500000147
659,0.0000009500000147
659.5,0.0000009500000147
660,0.0000009500000147
660.5,0.0000009500000147
661,0.0000009500000147
661.5,0.0000009500000147
662,0.0000009500000147
662.5,0.0000009500000147
663,0.0000009500000147
663.5,0.0000009500000147
664,0.0000009500000147
664.5,0.0000009500000147
665,0.0000009500000147
665.5,0.0000009500000147
666,0.0000009500000147
666.5,0.0000009500000147
667,0.0000009500000147
667.5,0.0000009500000147
668,0.0000009500000147
668.5,0.0000009500000147
669,0.0000009500000147
669.5,0.0000009500000147
670,0.0000009500000147
670.5,0.0000009500000147
671,0.0000009500000147
671.5,0.0000009500000147
672,0.0000009500000147
672.5,0.0000009500000147
673,0.0000009500000147
673.5,0.0000009500000147
674,0.0000009500000147
674.5,0.0000009500000147
675,0.0000009500000147
675.5,0.0000009500000147
676,0.0000009500000147
676.5,0.0000009500000147
677,0.0000009500000147
677.5,0.0000009500000147
678,0.0000009500000147
678.5,0.0000009500000147
679,0.0000009500000147
679.5,0.0000009500000147
680,0.0000009500000147
680.5,0.0000009500000147
681,0.0000009500000147
681.5,0.0000009500000147
682,0.0000009500000147
682.5,0.0000009500000147
683,0.0000009500000147
683.5,0.0000009500000147
684,0.0000009500000147
684.5,0.0000009500000147
685,0.0000009500000147
685.5,0.0000009500000147
686,0.0000009500000147
686.5,0.0000009500000147
687,0.0000009500000147
687.5,0.0000009500000147
688,0.0000009500000147
688.5,0.0000009500000147
689,0.0000009500000147
689.5,0.0000009500000147
690,0.0000009500000147
690.5,0.0000009500000147
691,0.0000009500000147
691.5,0.0000009500000147
692,0.0000009500000147
692.5,0.0000009500000147
693,0.0000009500000147
693.5,0.0000009500000147
694,0.0000009500000147
694.5,0.0000009500000147
695,0.0000009500000147
695.5,0.0000009500000147
696,0.0000009500000147
696.5,0.0000009500000147
697,0.0000009500000147
697.5,0.0000009500000147
698,0.0000009500000147
698.5,0.0000009500000147
699,0.0000009500000147
699.5,0.0000009500000147
700,0.0000009500000147
700.5,0.0000009500000147
701,0.0000009500000147
701.5,0.0000009500000147
702,0.0000009500000147
702.5,0.0000009500000147
703,0.0000009500000147
703.5,0.0000009500000147
704,0.0000009500000147
704.5,0.0000009500000147
705,0.0000009500000147
705.5,0.0000009500000147
706,0.0000009500000147
706.5,0.0000009500000147
707,0.0000009500000147
707.5,0.0000009500000147
708,0.0000009500000147
708.5,0.0000009500000147
709,0.0000009500000147
709.5,0.0000009500000147
710,0.0000009500000147
710.5,0.0000009500000147
711,0.0000009500000147
711.5,0.0000009500000147
712,0.0000009500000147
712.5,0.0000009500000147
713,0.0000009500000147
713.5,0.0000009500000147
714,0.0000009500000147
714.5,0.0000009500000147
715,0.0000009500000147
715.5,0.0000009500000147
716,0.0000009500000147
716.5,0.0000009500000147
717,0.0000009500000147
717.5,0.0000009500000147
718,0.0000009500000147
718.5,0.0000009500000147
719,0.0000009500000147
719.5,0.0000009500000147
720,0.0000009500000147
720.5,0.0000009500000147
721,0.0000009500000147
721.5,0.0000009500000147
722,0.0000009500000147
722.5,0.0000009500000147
723,0.0000009500000147
723.5,0.0000009500000147
724,0.0000009500000147
724.5,0.0000009500000147
725,0.0000009500000147
725.5,0.0000009500000147
726,0.0000009500000147
726.5,0.0000009500000147
727,0.0000009500000147
727.5,0.0000009500000147
728,0.0000009500000147
728.5,0.0000009500000147
729,0.0000009500000147
729.5,0.0000009500000147
730,0.0000009500000147
730.5,0.0000009500000147
731,0.0000009500000147
731.5,0.0000009500000147
732,0.0000009500000147
732.5,0.0000009500000147
733,0.0000009500000147
733.5,0.0000009500000147
734,0.0000009500000147
734.5,0.0000009500000147
735,0.0000009500000147
735.5,0.0000009500000147
736,0.0000009500000147
736.5,0.0000009500000147
737,0.0000009500000147
737.5,0.0000009500000147
738,0.0000009500000147
738.5,0.0000009500000147
739,0.0000009500000147
739.5,0.0000009500000147
740,0.0000009500000147
740.5,0.0000009500000147
741,0.0000009500000147
741.5,0.0000009500000147
742,0.0000009500000147
742.5,0.0000009500000147
743,0.0000009500000147
743.5,0.0000009500000147
744,0.0000009500000147
744.5,0.0000009500000147
745,0.0000009500000147
745.5,0.0000009500000147
746,0.0000009500000147
746.5,0.0000009500000147
747,0.0000009500000147
747.5,0.0000009500000147
748,0.0000009500000147
748.5,0.0000009500000147
749,0.0000009500000147
749.5,0.0000009500000147
750,0.0000009500000147
750.5,0.0000009500000147
751,0.0000009500000147
751.5,0.0000009500000147
752,0.0000009500000147
752.5,0.0000009500000147
753,0.0000009500000147
753.5,0.0000009500000147
754,0.0000009500000147
754.5,0.0000009500000147
755,0.0000009500000147
755.5,0.0000009500000147
756,0.0000009500000147
756.5,0.0000009500000147
757,0.0000009500000147
757.5,0.0000009500000147
758,0.000000953506003
758.5,0.0000009500000147
759,0.0000009500000147
759.5,0.0000009500000147
760,0.0000009500000147
760.5,0.000001072619966
761,0.000001383970016
761.5,0.000001486309998
762,0.000001035360015
762.5,0.0000009500000147
763,0.000001241079985
763.5,0.0000009500000147
764,0.0000009500000147
764.5,0.0000009500000147
765,0.000001048839977
765.5,0.0000009500000147
766,0.0000009500000147
766.5,0.0000009500000147
767,0.0000009500000147
767.5,0.0000009500000147
768,0.0000009500000147
768.5,0.0000009500000147
769,0.0000009500000147
769.5,0.0000009500000147
770,0.0000009500000147
770.5,0.0000009500000147
771,0.0000009500000147
771.5,0.0000009500000147
772,0.0000009500000147
772.5,0.0000009825209872
773,0.0000009500000147
773.5,0.0000009500000147
774,0.0000009500000147
774.5,0.0000009500000147
775,0.0000009500000147
775.5,0.0000009500000147
776,0.0000009500000147
776.5,0.0000009500000147
777,0.0000009500000147
777.5,0.0000009500000147
778,0.0000009500000147
778.5,0.0000009500000147
779,0.0000009500000147
779.5,0.0000009500000147
780,0.0000009500000147
780.5,0.0000009500000147
781,0.0000009500000147
781.5,0.0000009500000147
782,0.0000009500000147
782.5,0.0000009500000147
783,0.0000009500000147
783.5,0.0000009500000147
784,0.0000009500000147
784.5,0.0000009500000147
785,0.0000009500000147
785.5,0.0000009500000147
786,0.0000009500000147
786.5,0.0000009500000147
787,0.0000009500000147
787.5,0.0000009500000147
788,0.0000009500000147
788.5,0.0000009500000147
789,0.0000009500000147
789.5,0.0000009500000147
790,0.0000009500000147
790.5,0.0000009500000147
791,0.0000009500000147
791.5,0.0000009500000147
792,0.0000009500000147
792.5,0.0000009500000147
793,0.0000009500000147
793.5,0.0000009500000147
794,0.0000009500000147
794.5,0.0000009500000147
795,0.0000009500000147
795.5,0.0000009500000147
796,0.0000009500000147
796.5,0.0000009500000147
797,0.0000009500000147
797.5,0.0000009500000147
798,0.0000009500000147
798.5,0.0000009500000147
799,0.0000009500000147
799.5,0.000001056219958
800,0.0000009500000147
800.5,0.0000009500000147
801,0.0000009500000147
801.5,0.0000009500000147
802,0.0000009500000147
802.5,0.0000009500000147
803,0.0000009500000147
803.5,0.0000009500000147
804,0.0000009500000147
804.5,0.0000009500000147
805,0.0000009500000147
805.5,0.0000009500000147
806,0.0000009500000147
806.5,0.0000009500000147
807,0.0000009500000147
807.5,0.0000009500000147
808,0.0000009500000147
808.5,0.0000009500000147
809,0.0000009500000147
809.5,0.0000009500000147
810,0.0000009500000147
810.5,0.0000009500000147
811,0.0000009500000147
811.5,0.0000009500000147
812,0.0000009500000147
812.5,0.0000009500000147
813,0.0000009500000147
813.5,0.0000009500000147
814,0.0000009500000147
814.5,0.0000009500000147
815,0.0000009500000147
815.5,0.0000009500000147
816,0.0000009500000147
816.5,0.0000009500000147
817,0.0000009500000147
817.5,0.0000009500000147
818,0.0000009500000147
818.5,0.0000009500000147
819,0.0000009500000147
819.5,0.0000009500000147
820,0.0000009500000147
820.5,0.0000009500000147
821,0.0000009500000147
821.5,0.0000009500000147
822,0.0000009500000147
822.5,0.0000009500000147
823,0.0000009500000147
823.5,0.0000009500000147
824,0.0000009500000147
824.5,0.0000009500000147
825,0.0000009500000147
825.5,0.0000009500000147
826,0.0000009500000147
826.5,0.0000009500000147
827,0.0000009500000147
827.5,0.0000009500000147
828,0.0000009500000147
828.5,0.0000009500000147
829,0.0000009500000147
829.5,0.0000009500000147
830,0.0000009500000147
830.5,0.0000009500000147
831,0.0000009500000147
831.5,0.0000009500000147
832,0.0000009500000147
832.5,0.0000009500000147
833,0.0000009500000147
833.5,0.0000009500000147
834,0.0000009500000147
834.5,0.0000009500000147
835,0.0000009500000147
835.5,0.0000009500000147
836,0.0000009500000147
836.5,0.0000009500000147
837,0.0000009500000147
837.5,0.0000009500000147
838,0.0000009500000147
838.5,0.0000009500000147
839,0.0000009500000147
839.5,0.0000009500000147
840,0.0000009500000147
840.5,0.0000009500000147
841,0.0000009500000147
841.5,0.0000009500000147
842,0.0000009500000147
842.5,0.0000009500000147
843,0.0000009500000147
843.5,0.0000009500000147
844,0.0000009500000147
844.5,0.0000009500000147
845,0.0000009500000147
845.5,0.0000009500000147
846,0.0000009500000147
846.5,0.0000009500000147
847,0.0000009500000147
847.5,0.0000009500000147
848,0.0000009500000147
848.5,0.0000009500000147
849,0.0000009500000147
849.5,0.0000009500000147
850,0.0000009500000147
850.5,0.0000009500000147
851,0.0000009500000147
851.5,0.0000009500000147
852,0.0000009500000147
852.5,0.0000009500000147
853,0.0000009500000147
853.5,0.0000009500000147
854,0.0000009500000147
854.5,0.0000009500000147
855,0.0000009500000147
855.5,0.0000009500000147
856,0.0000009500000147
856.5,0.0000009500000147
857,0.0000009500000147
857.5,0.0000009500000147
858,0.0000009500000147
858.5,0.0000009500000147
859,0.0000009500000147
859.5,0.0000009500000147
860,0.0000009500000147
860.5,0.0000009500000147
861,0.0000009500000147
861.5,0.0000009500000147
862,0.0000009500000147
862.5,0.0000009500000147
863,0.0000009500000147
863.5,0.0000009500000147
864,0.0000009500000147
864.5,0.0000009500000147
865,0.0000009500000147
865.5,0.0000009500000147
866,0.0000009500000147
866.5,0.0000009500000147
867,0.0000009500000147
867.5,0.0000009500000147
868,0.0000009500000147
868.5,0.0000009500000147
869,0.0000009500000147
869.5,0.0000009500000147
870,0.0000009500000147
870.5,0.0000009500000147
871,0.0000009500000147
871.5,0.0000009500000147
872,0.0000009500000147
872.5,0.0000009500000147
873,0.0000009500000147
873.5,0.0000009500000147
874,0.0000009500000147
874.5,0.0000009500000147
875,0.0000009500000147
875.5,0.0000009500000147
876,0.0000009500000147
876.5,0.0000009500000147
877,0.0000009500000147
877.5,0.0000009500000147
878,0.0000009500000147
878.5,0.0000009500000147
879,0.0000009500000147
879.5,0.0000009500000147
880,0.0000009500000147
880.5,0.0000009500000147
881,0.0000009500000147
881.5,0.0000009500000147
882,0.0000009500000147
882.5,0.0000009500000147
883,0.0000009500000147
883.5,0.0000009500000147
884,0.0000009500000147
884.5,0.0000009500000147
885,0.0000009500000147
885.5,0.0000009500000147
886,0.0000009500000147
886.5,0.0000009500000147
887,0.0000009500000147
887.5,0.0000009500000147
888,0.0000009500000147
888.5,0.0000009500000147
889,0.0000009500000147
889.5,0.0000009500000147
890,0.0000009500000147
890.5,0.0000009500000147
891,0.0000009500000147
891.5,0.0000009500000147
892,0.0000009500000147
892.5,0.0000009500000147
893,0.0000009500000147
893.5,0.0000009500000147
894,0.0000009500000147
894.5,0.0000009500000147
895,0.0000009500000147
895.5,0.0000009500000147
896,0.0000009500000147
896.5,0.0000009500000147
897,0.0000009500000147
897.5,0.0000009500000147
898,0.0000009500000147
898.5,0.0000009500000147
899,0.0000009500000147
899.5,0.0000009500000147
900,0.0000009500000147
900.5,0.0000009500000147
901,0.0000009500000147
901.5,0.0000009500000147
902,0.0000009500000147
902.5,0.0000009500000147
903,0.0000009500000147
903.5,0.0000009500000147
904,0.0000009500000147
904.5,0.0000009500000147
905,0.0000009500000147
905.5,0.0000009500000147
906,0.0000009500000147
906.5,0.0000009500000147
907,0.0000009500000147
907.5,0.0000009500000147
908,0.0000009500000147
908.5,0.0000009500000147
909,0.0000009500000147
909.5,0.0000009500000147
910,0.0000009500000147
910.5,0.0000009500000147
911,0.0000009500000147
911.5,0.0000009500000147
912,0.0000009500000147
912.5,0.0000009500000147
913,0.0000009500000147
913.5,0.0000009500000147
914,0.0000009500000147
914.5,0.0000009500000147
915,0.0000009500000147
915.5,0.0000009500000147
916,0.0000009500000147
916.5,0.0000009500000147
917,0.0000009500000147
917.5,0.0000009500000147
918,0.0000009500000147
918.5,0.0000009500000147
919,0.0000009500000147
919.5,0.0000009500000147
920,0.0000009500000147
920.5,0.0000009500000147
921,0.0000009500000147
921.5,0.0000009500000147
922,0.0000009500000147
922.5,0.0000009500000147
923,0.0000009500000147
923.5,0.0000009500000147
924,0.0000009500000147
924.5,0.0000009500000147
925,0.0000009500000147
925.5,0.0000009500000147
926,0.0000009500000147
926.5,0.0000009500000147
927,0.0000009500000147
927.5,0.0000009500000147
928,0.0000009500000147
928.5,0.0000009500000147
929,0.0000009500000147
929.5,0.0000009500000147
930,0.0000009500000147
930.5,0.0000009500000147
931,0.0000009500000147
931.5,0.0000009500000147
932,0.0000009500000147
932.5,0.0000009500000147
933,0.0000009500000147
933.5,0.0000009500000147
934,0.0000009500000147
934.5,0.0000009500000147
935,0.0000009500000147
935.5,0.0000009500000147
936,0.0000009500000147
936.5,0.0000009500000147
937,0.0000009500000147
937.5,0.0000009500000147
938,0.0000009500000147
938.5,0.0000009500000147
939,0.0000009500000147
939.5,0.0000009500000147
940,0.0000009500000147
940.5,0.0000009500000147
941,0.0000009500000147
941.5,0.0000009500000147
942,0.0000009500000147
942.5,0.0000009500000147
943,0.0000009500000147
943.5,0.0000009500000147
944,0.0000009500000147
944.5,0.0000009500000147
945,0.0000009500000147
945.5,0.0000009500000147
946,0.0000009500000147
946.5,0.0000009500000147
947,0.0000009500000147
947.5,0.0000009500000147
948,0.0000009500000147
948.5,0.0000009500000147
949,0.0000009500000147
949.5,0.0000009500000147
950,0.0000009500000147
950.5,0.0000009500000147
951,0.0000009500000147
951.5,0.0000009500000147
952,0.0000009500000147
952.5,0.0000009500000147
953,0.0000009500000147
953.5,0.0000009500000147
954,0.0000009500000147
954.5,0.0000009500000147
955,0.0000009500000147
955.5,0.0000009500000147
956,0.0000009500000147
956.5,0.0000009500000147
957,0.0000009500000147
957.5,0.0000009500000147
958,0.0000009500000147
958.5,0.0000009500000147
959,0.0000009500000147
959.5,0.0000009500000147
960,0.0000009500000147
960.5,0.0000009500000147
961,0.0000009500000147
961.5,0.0000009500000147
962,0.0000009500000147
962.5,0.0000009500000147
963,0.0000009500000147
963.5,0.0000009500000147
964,0.0000009500000147
964.5,0.0000009500000147
965,0.0000009500000147
965.5,0.0000009500000147
966,0.0000009500000147
966.5,0.0000009500000147
967,0.0000009500000147
967.5,0.0000009500000147
968,0.0000009500000147
968.5,0.0000009500000147
969,0.0000009500000147
969.5,0.0000009500000147
970,0.0000009500000147
970.5,0.0000009500000147
971,0.0000009500000147
971.5,0.0000009500000147
972,0.0000009500000147
972.5,0.0000009500000147
973,0.0000009500000147
973.5,0.0000009500000147
974,0.0000009500000147
974.5,0.0000009500000147
975,0.0000009500000147
975.5,0.0000009500000147
976,0.0000009500000147
976.5,0.0000009500000147
977,0.0000009500000147
977.5,0.0000009500000147
978,0.0000009500000147
978.5,0.0000009500000147
979,0.0000009500000147
979.5,0.0000009500000147
980,0.0000009500000147
980.5,0.0000009500000147
981,0.0000009500000147
981.5,0.0000009500000147
982,0.0000009500000147
982.5,0.0000009500000147
983,0.0000009500000147
983.5,0.0000009500000147
984,0.0000009500000147
984.5,0.0000009500000147
985,0.0000009500000147
985.5,0.0000009500000147
986,0.0000009500000147
986.5,0.0000009500000147
987,0.0000009500000147
987.5,0.0000009500000147
988,0.0000009500000147
988.5,0.0000009500000147
989,0.0000009500000147
989.5,0.0000009500000147
990,0.0000009500000147
990.5,0.0000009500000147
991,0.0000009500000147
991.5,0.0000009500000147
992,0.0000009500000147
992.5,0.0000009500000147
993,0.0000009500000147
993.5,0.0000009500000147
994,0.0000009500000147
994.5,0.0000009500000147
995,0.0000009500000147
995.5,0.0000009500000147
996,0.0000009500000147
996.5,0.0000009500000147
997,0.0000009500000147
997.5,0.0000009500000147
998,0.0000009500000147
998.5,0.0000009500000147
999,0.0000009500000147
999.5,0.0000009500000147
1000,0.0000009500000147
1000.5,0.0000009500000147
1001,0.0000009500000147
1001.5,0.0000009500000147
1002,0.0000009500000147
1002.5,0.0000009500000147
1003,0.0000009500000147
1003.5,0.0000009500000147
1004,0.0000009500000147
1004.5,0.0000009500000147
1005,0.0000009500000147
1005.5,0.0000009500000147
1006,0.0000009500000147
1006.5,0.0000009500000147
1007,0.0000009500000147
1007.5,0.0000009500000147
1008,0.0000009500000147
1008.5,0.0000009500000147
1009,0.0000009500000147
1009.5,0.0000009500000147
1010,0.0000009500000147
1010.5,0.0000009500000147
1011,0.0000009500000147
1011.5,0.0000009500000147
1012,0.0000009500000147
1012.5,0.0000009500000147
1013,0.0000009500000147
1013.5,0.0000009500000147
1014,0.0000009500000147
1014.5,0.0000009500000147
1015,0.0000009500000147
1015.5,0.0000009500000147
1016,0.0000009500000147
1016.5,0.0000009500000147
1017,0.0000009500000147
1017.5,0.0000009500000147
1018,0.0000009500000147
1018.5,0.0000009500000147
1019,0.0000009500000147
1019.5,0.0000009500000147
1020,0.0000009500000147
1020.5,0.0000009500000147
1021,0.0000009500000147
1021.5,0.0000009500000147
1022,0.0000009500000147
1022.5,0.0000009500000147
1023,0.0000009500000147
1023.5,0.0000009500000147
1024,0.0000009500000147
1024.5,0.0000009500000147
1025,0.0000009500000147
1025.5,0.0000009500000147
1026,0.0000009500000147
1026.5,0.0000009500000147
1027,0.0000009500000147
1027.5,0.0000009500000147
1028,0.0000009500000147
1028.5,0.0000009500000147
1029,0.0000009500000147
1029.5,0.0000009500000147
1030,0.0000009500000147
1030.5,0.0000009500000147
1031,0.0000009500000147
1031.5,0.0000009500000147
1032,0.0000009500000147
1032.5,0.0000009500000147
1033,0.0000009500000147
1033.5,0.0000009500000147
1034,0.0000009500000147
1034.5,0.0000009500000147
1035,0.0000009500000147
1035.5,0.0000009500000147
1036,0.0000009500000147
1036.5,0.0000009500000147
1037,0.0000009500000147
1037.5,0.0000009500000147
1038,0.0000009500000147
1038.5,0.0000009500000147
1039,0.0000009500000147
1039.5,0.0000009500000147
1040,0.0000009500000147
1040.5,0.0000009500000147
1041,0.0000009500000147
1041.5,0.0000009500000147
1042,0.0000009500000147
1042.5,0.0000009500000147
1043,0.0000009500000147
1043.5,0.0000009500000147
1044,0.0000009500000147
1044.5,0.0000009500000147
1045,0.0000009500000147
1045.5,0.0000009500000147
1046,0.0000009500000147
1046.5,0.0000009500000147
1047,0.0000009500000147
1047.5,0.0000009500000147
1048,0.0000009500000147
1048.5,0.0000009500000147
1049,0.0000009500000147
1049.5,0.0000009500000147
1050,0.0000009500000147
1050.5,0.0000009500000147
1051,0.0000009500000147
1051.5,0.0000009500000147
1052,0.0000009500000147
1052.5,0.0000009500000147
1053,0.0000009500000147
1053.5,0.0000009500000147
1054,0.0000009500000147
1054.5,0.0000009500000147
1055,0.0000009500000147
1055.5,0.0000009500000147
1056,0.0000009500000147
1056.5,0.0000009500000147
1057,0.0000009500000147
1057.5,0.0000009500000147
1058,0.0000009500000147
1058.5,0.0000009500000147
1059,0.0000009500000147
1059.5,0.0000009500000147
1060,0.0000009500000147
1060.5,0.0000009500000147
1061,0.0000009500000147
1061.5,0.0000009500000147
1062,0.0000009500000147
1062.5,0.0000009500000147
1063,0.0000009500000147
1063.5,0.0000009500000147
1064,0.0000009500000147
1064.5,0.0000009500000147
1065,0.0000009500000147
1065.5,0.0000009500000147
1066,0.0000009500000147
1066.5,0.0000009500000147
1067,0.0000009500000147
1067.5,0.0000009500000147
1068,0.0000009500000147
1068.5,0.0000009500000147
1069,0.0000009500000147
1069.5,0.0000009500000147
1070,0.0000009500000147
1070.5,0.0000009500000147
1071,0.0000009500000147
1071.5,0.0000009500000147
1072,0.0000009500000147
1072.5,0.0000009500000147
1073,0.0000009500000147
1073.5,0.0000009500000147
1074,0.0000009500000147
1074.5,0.0000009500000147
1075,0.0000009500000147
1075.5,0.0000009500000147
1076,0.0000009500000147
1076.5,0.0000009500000147
1077,0.0000009500000147
1077.5,0.0000009500000147
1078,0.0000009500000147
1078.5,0.0000009500000147
1079,0.0000009500000147
1079.5,0.0000009500000147
1080,0.0000009500000147
1080.5,0.0000009500000147
1081,0.0000009500000147
1081.5,0.0000009500000147
1082,0.0000009500000147
1082.5,0.0000009500000147
1083,0.0000009500000147
1083.5,0.0000009500000147
1084,0.0000009500000147
1084.5,0.0000009500000147
1085,0.0000009500000147
1085.5,0.0000009500000147
1086,0.0000009500000147
1086.5,0.0000009500000147
1087,0.0000009500000147
1087.5,0.0000009500000147
1088,0.0000009500000147
1088.5,0.0000009500000147
1089,0.0000009500000147
1089.5,0.0000009500000147
1090,0.0000009500000147
1090.5,0.0000009500000147
1091,0.0000009500000147
1091.5,0.0000009500000147
1092,0.0000009500000147
1092.5,0.0000009500000147
1093,0.0000009500000147
1093.5,0.0000009500000147
1094,0.0000009500000147
1094.5,0.0000009500000147
1095,0.0000009500000147
1095.5,0.0000009500000147
1096,0.0000009500000147
1096.5,0.0000009500000147
1097,0.0000009500000147
1097.5,0.0000009500000147
1098,0.0000009500000147
1098.5,0.0000009500000147
1099,0.0000009500000147
1099.5,0.0000009500000147
1100,0.0000009500000147
1100.5,0.0000009500000147
1101,0.0000009500000147
1101.5,0.0000009500000147
1102,0.0000009500000147
1102.5,0.0000009500000147
1103,0.0000009500000147
1103.5,0.0000009500000147
1104,0.0000009500000147
1104.5,0.0000009500000147
1105,0.0000009500000147
1105.5,0.0000009500000147
1106,0.0000009500000147
1106.5,0.0000009500000147
1107,0.0000009500000147
1107.5,0.0000009500000147
1108,0.0000009500000147
1108.5,0.0000009500000147
1109,0.0000009500000147
1109.5,0.0000009500000147
1110,0.0000009500000147
1110.5,0.0000009500000147
1111,0.0000009500000147
1111.5,0.0000009500000147
1112,0.0000009500000147
1112.5,0.0000009500000147
1113,0.0000009500000147
1113.5,0.0000009500000147
1114,0.0000009500000147
1114.5,0.0000009500000147
1115,0.0000009500000147
1115.5,0.0000009500000147
1116,0.0000009500000147
1116.5,0.0000009500000147
1117,0.0000009500000147
1117.5,0.0000009500000147
1118,0.0000009500000147
1118.5,0.0000009750680192
1119,0.000001098999974
1119.5,0.000001402650014
1120,0.000001706240027
1120.5,0.000002042369943
1121,0.000002377980081
1121.5,0.000002583429932
1122,0.000002789229939
1122.5,0.000003201819936
1123,0.000003614339903
1123.5,0.000003580860039
1124,0.000003547339929
1124.5,0.000003484959961
1125,0.000003422539976
1125.5,0.000003111410024
1126,0.000002801710025
1126.5,0.000002422530088
1127,0.000002042249889
1127.5,0.000001995229923
1128,0.000001948109912
1128.5,0.000001654699986
1129,0.000001361559953
1129.5,0.000001258880047
1130,0.000001156400003
1130.5,0.00000112884004
1131,0.000001101289968
1131.5,0.0000009500000147
1132,0.0000009500000147
1132.5,0.0000009500000147
1133,0.0000009740200539
1133.5,0.0000009500000147
1134,0.0000009500000147
1134.5,0.0000009500000147
1135,0.0000009500000147
1135.5,0.0000009500000147
1136,0.0000009500000147
1136.5,0.0000009500000147
1137,0.0000009500000147
1137.5,0.0000009500000147
1138,0.0000009500000147
1138.5,0.0000009500000147
1139,0.0000009500000147
1139.5,0.0000009500000147
1140,0.0000009500000147
1140.5,0.0000009500000147
1141,0.0000009500000147
1141.5,0.0000009500000147
1142,0.0000009500000147
1142.5,0.0000009500000147
1143,0.000001090489945
1143.5,0.000001155650011
1144,0.000001220910008
1144.5,0.000001272489953
1145,0.000001324090022
1145.5,0.000001478799959
1146,0.000001633649958
1146.5,0.000001682160018
1147,0.000001730679969
1147.5,0.000001829400048
1148,0.0000019281199
1148.5,0.00000228511999
1149,0.000002641610081
1149.5,0.000002873910034
1150,0.000003105940095
1150.5,0.000003509870112
1151,0.000003913989985
1151.5,0.000004275329957
1152,0.000004636609901
1152.5,0.000005312199846
1153,0.000005988989869
1153.5,0.000006586470136
1154,0.000007184370133
1154.5,0.000007938559975
1155,0.000008693030395
1155.5,0.000009480379958
1156,0.00001026659993
1156.5,0.00001106639957
1157,0.0000118654998
1157.5,0.00001233500006
1158,0.0000128042002
1158.5,0.00001306270042
1159,0.00001332129978
1159.5,0.00001340479957
1160,0.00001348840033
1160.5,0.00001349279955
1161,0.00001349709964
1161.5,0.00001335050001
1162,0.00001320380034
1162.5,0.00001283280017
1163,0.00001246190004
1163.5,0.00001222280025
1164,0.00001198409973
1164.5,0.00001183279983
1165,0.00001168149993
1165.5,0.00001143040026
1166,0.00001117919965
1166.5,0.00001116620024
1167,0.00001115309988
1167.5,0.00001101920043
1168,0.00001088520003
1168.5,0.00001095510015
1169,0.00001102510032
1169.5,0.00001117929969
1170,0.0000113338001
1170.5,0.00001152549976
1171,0.00001171720032
1171.5,0.00001210980008
1172,0.00001250259993
1172.5,0.00001277029969
1173,0.00001303790032
1173.5,0.00001365590015
1174,0.00001427379993
1174.5,0.0000148227
1175,0.00001537090066
1175.5,0.00001627389975
1176,0.00001717670057
1176.5,0.00001836559932
1177,0.00001955379958
1177.5,0.00002084170046
1178,0.00002212989966
1178.5,0.00002415639938
1179,0.00002618429971
1179.5,0.00002837119973
1180,0.00003056040077
1180.5,0.00003370110062
1181,0.00003684369949
1181.5,0.00004103030005
1182,0.00004521989831
1182.5,0.0000505065982
1183,0.00005579170102
1183.5,0.00006279639638
1184,0.00006979530008
1184.5,0.00007901329809
1185,0.00008822859672
1185.5,0.00009951779793
1186,0.0001107999997
1186.5,0.0001242019935
1187,0.0001376069995
1187.5,0.0001519780053
1188,0.0001663419971
1188.5,0.0001785289933
1189,0.0001907169935
1189.5,0.0001986699936
1190,0.0002066250017
1190.5,0.0002082370047
1191,0.0002098480036
1191.5,0.0002062590065
1192,0.0002026690054
1192.5,0.0001953260071
1193,0.0001879810006
1193.5,0.0001796889992
1194,0.0001713969978
1194.5,0.0001628369937
1195,0.0001542700047
1195.5,0.0001470849966
1196,0.0001399019966
1196.5,0.0001341290044
1197,0.0001283540041
1197.5,0.0001236190001
1198,0.0001188820024
1198.5,0.0001156209983
1199,0.0001123589973
1199.5,0.0001100329973
1200,0.0001077060006